show_id,Genre
s5,International TV Shows
s5,Romantic TV Shows
s5,TV Comedies
s25,Comedies
s25,International Movies
s25,Romantic Movies
s30,Thrillers
s40,Kids' TV
s51,International TV Shows
s51,TV Dramas
s51,TV Sci-Fi & Fantasy
s67,Docuseries
s67,International TV Shows
s70,International TV Shows
s70,TV Dramas
s106,Action & Adventure
s106,Comedies
s106,Dramas
s115,Dramas
s115,International Movies
s115,Thrillers
s117,Comedies
s117,Dramas
s117,Independent Movies
s119,Dramas
s119,International Movies
s119,Thrillers
s127,Dramas
s127,International Movies
s127,Romantic Movies
s191,Dramas
s191,International Movies
s193,Action & Adventure
s193,Comedies
s193,International Movies
s196,Comedies
s196,Dramas
s196,International Movies
s200,Comedies
s200,Dramas
s200,International Movies
s201,Action & Adventure
s201,Horror Movies
s201,International Movies
s202,Dramas
s202,International Movies
s202,Thrillers
s203,Comedies
s203,International Movies
s203,Music & Musicals
s204,Comedies
s204,International Movies
s205,Comedies
s205,International Movies
s206,Comedies
s206,International Movies
s206,Sci-Fi & Fantasy
s207,Dramas
s207,Independent Movies
s207,International Movies
s208,Action & Adventure
s208,International Movies
s208,Music & Musicals
s209,Dramas
s209,International Movies
s209,Music & Musicals
s210,Dramas
s210,International Movies
s210,Music & Musicals
s211,Horror Movies
s211,International Movies
s212,Horror Movies
s212,International Movies
s216,Action & Adventure
s216,Dramas
s216,International Movies
s217,Comedies
s217,Dramas
s217,Independent Movies
s218,Comedies
s218,Dramas
s218,International Movies
s254,Dramas
s254,International Movies
s254,Romantic Movies
s260,Comedies
s260,Dramas
s260,International Movies
s267,Docuseries
s267,International TV Shows
s298,TV Shows
s302,Action & Adventure
s302,Comedies
s302,International Movies
s384,Action & Adventure
s384,International Movies
s411,Children & Family Movies
s416,Children & Family Movies
s519,Dramas
s519,International Movies
s529,Dramas
s529,International Movies
s529,Romantic Movies
s542,Comedies
s542,Dramas
s542,International Movies
s543,Dramas
s543,International Movies
s552,International Movies
s552,Romantic Movies
s552,Thrillers
s736,Comedies
s736,Dramas
s736,International Movies
s737,Children & Family Movies
s737,Dramas
s737,International Movies
s851,Dramas
s851,International Movies
s851,Music & Musicals
s872,Comedies
s872,Dramas
s872,International Movies
s874,Dramas
s874,Independent Movies
s874,International Movies
s877,Docuseries
s877,International TV Shows
s878,Comedies
s878,Independent Movies
s878,International Movies
s893,Dramas
s893,Independent Movies
s893,International Movies
s904,Dramas
s904,International Movies
s904,Thrillers
s910,Dramas
s910,Independent Movies
s910,International Movies
s912,Kids' TV
s912,TV Comedies
s914,Dramas
s914,International Movies
s914,Romantic Movies
s919,Reality TV
s960,Dramas
s960,Independent Movies
s960,International Movies
s974,Dramas
s974,International Movies
s975,Dramas
s975,Independent Movies
s975,International Movies
s999,Documentaries
s999,International Movies
s1017,Action & Adventure
s1017,Comedies
s1017,International Movies
s1018,Dramas
s1018,International Movies
s1019,Comedies
s1019,International Movies
s1019,Music & Musicals
s1020,Dramas
s1020,International Movies
s1020,Music & Musicals
s1021,Documentaries
s1021,International Movies
s1022,Comedies
s1022,Dramas
s1022,Independent Movies
s1023,Dramas
s1023,International Movies
s1024,Dramas
s1024,Independent Movies
s1024,International Movies
s1038,Comedies
s1038,Dramas
s1038,International Movies
s1061,Reality TV
s1061,Romantic TV Shows
s1070,Dramas
s1070,International Movies
s1070,Romantic Movies
s1076,Docuseries
s1088,Comedies
s1088,Horror Movies
s1088,International Movies
s1094,International TV Shows
s1094,Reality TV
s1094,Romantic TV Shows
s1099,Comedies
s1099,Dramas
s1099,International Movies
s1109,International Movies
s1109,Thrillers
s1115,Comedies
s1115,Dramas
s1115,International Movies
s1116,Comedies
s1116,International Movies
s1116,Sports Movies
s1123,Dramas
s1123,International Movies
s1142,Dramas
s1142,International Movies
s1142,Thrillers
s1166,Comedies
s1166,Dramas
s1166,International Movies
s1203,Dramas
s1203,International Movies
s1203,Romantic Movies
s1204,Children & Family Movies
s1204,Dramas
s1228,International TV Shows
s1228,TV Dramas
s1229,Dramas
s1229,Independent Movies
s1229,International Movies
s1231,Comedies
s1231,Dramas
s1231,Independent Movies
s1245,Action & Adventure
s1245,Comedies
s1245,International Movies
s1266,International Movies
s1266,Thrillers
s1282,Dramas
s1282,International Movies
s1283,International TV Shows
s1283,TV Dramas
s1292,Dramas
s1292,Independent Movies
s1292,International Movies
s1294,International TV Shows
s1294,TV Dramas
s1296,Comedies
s1296,Dramas
s1296,Independent Movies
s1306,Action & Adventure
s1306,Comedies
s1306,Dramas
s1317,Dramas
s1317,International Movies
s1317,Romantic Movies
s1377,Comedies
s1377,Dramas
s1377,Independent Movies
s1389,Dramas
s1411,Dramas
s1411,International Movies
s1423,Dramas
s1423,International Movies
s1424,Comedies
s1424,International Movies
s1424,Romantic Movies
s1427,Dramas
s1427,International Movies
s1429,Dramas
s1429,Independent Movies
s1429,International Movies
s1430,Kids' TV
s1430,TV Comedies
s1442,Action & Adventure
s1442,Comedies
s1442,International Movies
s1473,Comedies
s1473,Dramas
s1473,International Movies
s1490,Docuseries
s1490,International TV Shows
s1492,Comedies
s1492,Dramas
s1492,International Movies
s1521,International TV Shows
s1521,TV Dramas
s1543,Stand-Up Comedy
s1562,Dramas
s1562,International Movies
s1562,Sports Movies
s1590,International TV Shows
s1590,Romantic TV Shows
s1590,TV Comedies
s1619,British TV Shows
s1619,Kids' TV
s1639,International TV Shows
s1639,Reality TV
s1654,Horror Movies
s1654,International Movies
s1654,Thrillers
s1671,International TV Shows
s1671,Romantic TV Shows
s1671,TV Comedies
s1674,Dramas
s1674,International Movies
s1675,Action & Adventure
s1675,Comedies
s1675,International Movies
s1676,Comedies
s1676,International Movies
s1676,Music & Musicals
s1677,Dramas
s1677,International Movies
s1677,Romantic Movies
s1679,International Movies
s1679,Thrillers
s1680,Action & Adventure
s1680,Dramas
s1680,International Movies
s1681,Dramas
s1681,International Movies
s1681,Thrillers
s1684,Comedies
s1684,International Movies
s1703,Children & Family Movies
s1703,Comedies
s1713,Comedies
s1713,Dramas
s1713,International Movies
s1742,Dramas
s1742,International Movies
s1778,Horror Movies
s1778,International Movies
s1796,Comedies
s1796,International Movies
s1796,Music & Musicals
s1843,Dramas
s1854,Documentaries
s1854,International Movies
s1859,International Movies
s1859,Romantic Movies
s1859,Thrillers
s1862,Comedies
s1862,Dramas
s1862,International Movies
s1863,Cult Movies
s1863,Dramas
s1863,International Movies
s1864,Comedies
s1864,International Movies
s1864,Romantic Movies
s1866,Comedies
s1866,International Movies
s1867,Dramas
s1867,International Movies
s1870,Comedies
s1870,International Movies
s1870,Romantic Movies
s1886,British TV Shows
s1886,Docuseries
s1886,International TV Shows
s1898,Comedies
s1898,Dramas
s1898,International Movies
s1939,Dramas
s1939,Independent Movies
s1939,International Movies
s1940,Comedies
s1940,Dramas
s1940,International Movies
s1941,Comedies
s1941,International Movies
s1941,Music & Musicals
s1942,Comedies
s1942,International Movies
s1942,Music & Musicals
s1943,Comedies
s1943,International Movies
s1943,Romantic Movies
s1944,Comedies
s1944,International Movies
s1944,Music & Musicals
s1945,Dramas
s1945,International Movies
s1945,Romantic Movies
s1946,Dramas
s1946,International Movies
s1946,Thrillers
s1947,Comedies
s1947,International Movies
s1947,Music & Musicals
s1951,Dramas
s1951,Independent Movies
s1951,International Movies
s1958,Action & Adventure
s1958,Sci-Fi & Fantasy
s1958,Sports Movies
s1972,Comedies
s1972,International Movies
s1973,Action & Adventure
s1973,International Movies
s1975,Dramas
s1975,International Movies
s1975,Romantic Movies
s1976,Comedies
s1976,International Movies
s1977,Dramas
s1977,International Movies
s1977,Thrillers
s1978,Dramas
s1978,Independent Movies
s1978,International Movies
s1983,International Movies
s1983,Thrillers
s2016,Dramas
s2016,International Movies
s2016,Thrillers
s2017,Dramas
s2017,International Movies
s2018,Dramas
s2018,International Movies
s2019,Dramas
s2019,International Movies
s2020,Comedies
s2020,Dramas
s2020,International Movies
s2021,Children & Family Movies
s2021,Dramas
s2021,International Movies
s2024,Dramas
s2024,International Movies
s2024,Romantic Movies
s2026,Comedies
s2026,Dramas
s2026,International Movies
s2027,Comedies
s2027,Dramas
s2027,International Movies
s2031,Comedies
s2031,Dramas
s2031,Independent Movies
s2075,Comedies
s2075,Dramas
s2075,International Movies
s2083,Comedies
s2083,International Movies
s2083,Romantic Movies
s2087,International TV Shows
s2087,TV Comedies
s2087,TV Dramas
s2104,Dramas
s2104,International Movies
s2104,Thrillers
s2127,Comedies
s2127,International Movies
s2127,Music & Musicals
s2142,Action & Adventure
s2142,Dramas
s2142,International Movies
s2187,Dramas
s2187,International Movies
s2187,Thrillers
s2194,Comedies
s2194,Dramas
s2194,Independent Movies
s2205,Comedies
s2205,International Movies
s2207,Dramas
s2207,Independent Movies
s2207,International Movies
s2265,Comedies
s2265,International Movies
s2265,Music & Musicals
s2266,Action & Adventure
s2266,Comedies
s2266,Dramas
s2267,Dramas
s2267,International Movies
s2267,Romantic Movies
s2268,Dramas
s2268,International Movies
s2269,Action & Adventure
s2269,Comedies
s2269,Dramas
s2270,Dramas
s2270,Independent Movies
s2270,International Movies
s2271,Comedies
s2271,International Movies
s2271,Music & Musicals
s2272,Comedies
s2272,Dramas
s2272,International Movies
s2273,Dramas
s2273,International Movies
s2273,Thrillers
s2274,Action & Adventure
s2274,Dramas
s2274,International Movies
s2275,Action & Adventure
s2275,Comedies
s2275,International Movies
s2277,Dramas
s2277,International Movies
s2277,Romantic Movies
s2278,Dramas
s2278,International Movies
s2278,Thrillers
s2279,Dramas
s2279,International Movies
s2279,Sports Movies
s2280,Dramas
s2280,Independent Movies
s2280,International Movies
s2281,Comedies
s2281,International Movies
s2281,Romantic Movies
s2282,Comedies
s2282,Dramas
s2282,International Movies
s2283,Comedies
s2283,Dramas
s2283,International Movies
s2285,Dramas
s2285,Independent Movies
s2285,International Movies
s2286,Action & Adventure
s2286,International Movies
s2287,Comedies
s2287,Dramas
s2287,International Movies
s2288,Comedies
s2288,Dramas
s2288,International Movies
s2289,Action & Adventure
s2289,Dramas
s2289,Independent Movies
s2290,Dramas
s2290,International Movies
s2290,Thrillers
s2291,Comedies
s2291,Dramas
s2291,International Movies
s2292,Comedies
s2292,International Movies
s2293,Kids' TV
s2293,TV Comedies
s2335,Dramas
s2335,International Movies
s2335,Romantic Movies
s2337,Dramas
s2337,International Movies
s2339,International Movies
s2339,Romantic Movies
s2340,Action & Adventure
s2340,Dramas
s2340,International Movies
s2341,Dramas
s2341,International Movies
s2341,Romantic Movies
s2343,Horror Movies
s2343,International Movies
s2348,Dramas
s2348,Independent Movies
s2348,International Movies
s2354,Comedies
s2354,Dramas
s2354,International Movies
s2390,Dramas
s2390,International Movies
s2393,Comedies
s2393,Dramas
s2393,Independent Movies
s2414,International Movies
s2414,Thrillers
s2415,Dramas
s2415,Independent Movies
s2415,International Movies
s2421,Dramas
s2421,International Movies
s2446,Comedies
s2446,Dramas
s2446,Independent Movies
s2459,Stand-Up Comedy
s2473,International TV Shows
s2473,TV Action & Adventure
s2473,TV Horror
s2501,Comedies
s2501,Dramas
s2501,Independent Movies
s2535,Action & Adventure
s2535,International Movies
s2535,Romantic Movies
s2540,Documentaries
s2540,International Movies
s2545,Children & Family Movies
s2545,Comedies
s2545,International Movies
s2546,Action & Adventure
s2546,Comedies
s2546,Cult Movies
s2563,Children & Family Movies
s2563,Comedies
s2565,Dramas
s2565,International Movies
s2588,International Movies
s2588,Thrillers
s2590,Horror Movies
s2590,International Movies
s2590,Thrillers
s2611,Action & Adventure
s2611,Comedies
s2611,Dramas
s2614,Action & Adventure
s2614,Comedies
s2614,International Movies
s2626,Dramas
s2626,International Movies
s2626,Romantic Movies
s2627,Dramas
s2627,Independent Movies
s2627,International Movies
s2630,Action & Adventure
s2630,Comedies
s2630,International Movies
s2643,International Movies
s2643,Thrillers
s2645,Stand-Up Comedy
s2664,Comedies
s2664,Dramas
s2664,International Movies
s2665,Kids' TV
s2671,Crime TV Shows
s2671,International TV Shows
s2671,TV Comedies
s2684,Comedies
s2684,Dramas
s2684,Independent Movies
s2686,Dramas
s2686,International Movies
s2686,Romantic Movies
s2716,Dramas
s2716,International Movies
s2717,Action & Adventure
s2717,Dramas
s2717,International Movies
s2718,Children & Family Movies
s2721,Comedies
s2721,Dramas
s2721,International Movies
s2722,Action & Adventure
s2722,Dramas
s2722,International Movies
s2723,Comedies
s2723,Dramas
s2723,International Movies
s2724,Action & Adventure
s2724,Dramas
s2724,International Movies
s2725,Comedies
s2725,Dramas
s2725,International Movies
s2726,Action & Adventure
s2726,Dramas
s2726,International Movies
s2727,Comedies
s2727,Dramas
s2727,International Movies
s2729,Comedies
s2729,International Movies
s2729,Romantic Movies
s2730,Horror Movies
s2730,International Movies
s2730,Thrillers
s2731,Dramas
s2731,International Movies
s2731,Romantic Movies
s2732,Dramas
s2732,International Movies
s2733,Comedies
s2733,Dramas
s2733,International Movies
s2734,Comedies
s2734,Dramas
s2734,International Movies
s2735,Comedies
s2735,Dramas
s2735,International Movies
s2736,Comedies
s2736,International Movies
s2736,Romantic Movies
s2738,Children & Family Movies
s2738,Sports Movies
s2739,Action & Adventure
s2739,Comedies
s2739,Dramas
s2742,Dramas
s2742,Independent Movies
s2742,International Movies
s2748,Comedies
s2748,Dramas
s2748,International Movies
s2751,Children & Family Movies
s2752,Kids' TV
s2752,TV Comedies
s2752,TV Dramas
s2757,Dramas
s2757,Independent Movies
s2757,International Movies
s2761,Comedies
s2761,Dramas
s2761,International Movies
s2766,International TV Shows
s2766,Stand-Up Comedy & Talk Shows
s2766,TV Comedies
s2767,Comedies
s2767,Dramas
s2767,International Movies
s2793,Crime TV Shows
s2793,International TV Shows
s2793,TV Dramas
s2811,International Movies
s2811,Thrillers
s2816,Comedies
s2816,International Movies
s2816,Romantic Movies
s2834,Dramas
s2834,International Movies
s2842,Kids' TV
s2842,TV Comedies
s2851,Dramas
s2851,Independent Movies
s2851,International Movies
s2857,Comedies
s2857,Dramas
s2857,International Movies
s2870,Stand-Up Comedy
s2874,Action & Adventure
s2874,Comedies
s2874,Dramas
s2897,International Movies
s2897,Thrillers
s2899,Dramas
s2899,International Movies
s2917,Dramas
s2917,International Movies
s2917,Romantic Movies
s2918,International TV Shows
s2918,Romantic TV Shows
s2918,TV Comedies
s2936,Comedies
s2936,Dramas
s2936,International Movies
s2941,Dramas
s2941,International Movies
s2941,Sports Movies
s2955,International Movies
s2955,Thrillers
s2958,Classic Movies
s2958,Dramas
s2958,International Movies
s2970,Dramas
s2970,International Movies
s2970,Music & Musicals
s2986,Comedies
s2986,International Movies
s2986,Romantic Movies
s2987,Comedies
s2987,Dramas
s2987,Independent Movies
s2988,Stand-Up Comedy
s3005,Comedies
s3005,Dramas
s3005,Independent Movies
s3007,Comedies
s3007,Dramas
s3007,International Movies
s3023,Dramas
s3023,Independent Movies
s3023,International Movies
s3033,Comedies
s3033,Dramas
s3033,International Movies
s3037,Crime TV Shows
s3037,International TV Shows
s3037,TV Dramas
s3049,Dramas
s3049,International Movies
s3049,Romantic Movies
s3061,Horror Movies
s3061,International Movies
s3061,Thrillers
s3078,Horror Movies
s3078,International Movies
s3078,Thrillers
s3079,Dramas
s3079,Independent Movies
s3079,International Movies
s3127,Comedies
s3127,Dramas
s3127,International Movies
s3132,Comedies
s3132,Dramas
s3132,International Movies
s3133,Comedies
s3133,Dramas
s3133,International Movies
s3134,Action & Adventure
s3134,International Movies
s3135,Action & Adventure
s3135,International Movies
s3135,Music & Musicals
s3136,Action & Adventure
s3136,Comedies
s3136,Dramas
s3137,International Movies
s3137,Thrillers
s3140,Comedies
s3140,Dramas
s3140,International Movies
s3142,Dramas
s3142,International Movies
s3142,Thrillers
s3143,Action & Adventure
s3143,Dramas
s3143,International Movies
s3144,Dramas
s3144,International Movies
s3144,Romantic Movies
s3146,Dramas
s3146,International Movies
s3146,Music & Musicals
s3148,Dramas
s3148,International Movies
s3148,Thrillers
s3150,Comedies
s3150,Dramas
s3150,International Movies
s3159,Dramas
s3159,International Movies
s3164,Action & Adventure
s3164,International Movies
s3190,Comedies
s3190,International Movies
s3190,Romantic Movies
s3194,Comedies
s3194,International Movies
s3194,Romantic Movies
s3196,Dramas
s3196,International Movies
s3196,Romantic Movies
s3197,Dramas
s3197,International Movies
s3197,Romantic Movies
s3199,Dramas
s3199,International Movies
s3199,Romantic Movies
s3202,Comedies
s3202,Dramas
s3202,International Movies
s3207,Comedies
s3207,Dramas
s3207,International Movies
s3225,Comedies
s3225,International Movies
s3225,Romantic Movies
s3234,Action & Adventure
s3234,Dramas
s3234,International Movies
s3252,Dramas
s3252,International Movies
s3252,Romantic Movies
s3255,Dramas
s3255,Independent Movies
s3255,International Movies
s3268,Action & Adventure
s3268,Dramas
s3268,International Movies
s3269,Comedies
s3269,Independent Movies
s3269,International Movies
s3279,Documentaries
s3279,International Movies
s3294,International TV Shows
s3294,Romantic TV Shows
s3294,TV Comedies
s3300,International Movies
s3300,Thrillers
s3313,Dramas
s3313,International Movies
s3313,Thrillers
s3335,Action & Adventure
s3335,International Movies
s3360,Dramas
s3360,International Movies
s3360,Romantic Movies
s3404,Kids' TV
s3404,TV Comedies
s3413,Comedies
s3413,Dramas
s3413,International Movies
s3447,Dramas
s3447,Independent Movies
s3447,International Movies
s3464,International TV Shows
s3464,Romantic TV Shows
s3464,TV Comedies
s3465,International TV Shows
s3465,TV Comedies
s3467,International TV Shows
s3467,TV Comedies
s3467,TV Dramas
s3468,International TV Shows
s3468,TV Comedies
s3469,Documentaries
s3469,International Movies
s3469,Sports Movies
s3482,International TV Shows
s3482,TV Action & Adventure
s3482,TV Dramas
s3487,Dramas
s3487,International Movies
s3487,Romantic Movies
s3497,Comedies
s3497,Dramas
s3497,International Movies
s3499,Dramas
s3499,Independent Movies
s3499,International Movies
s3510,Dramas
s3510,International Movies
s3510,Romantic Movies
s3517,Comedies
s3517,International Movies
s3517,Music & Musicals
s3531,Dramas
s3531,International Movies
s3531,Thrillers
s3532,Comedies
s3532,Dramas
s3532,Independent Movies
s3533,Comedies
s3533,Independent Movies
s3533,International Movies
s3538,Comedies
s3538,Dramas
s3538,International Movies
s3564,Comedies
s3564,Dramas
s3564,International Movies
s3565,Comedies
s3565,International Movies
s3567,Dramas
s3567,Independent Movies
s3567,International Movies
s3570,Horror Movies
s3570,International Movies
s3570,Thrillers
s3590,Crime TV Shows
s3590,International TV Shows
s3590,TV Dramas
s3594,Dramas
s3594,International Movies
s3595,Comedies
s3595,International Movies
s3595,Music & Musicals
s3603,Dramas
s3603,Independent Movies
s3603,International Movies
s3617,International Movies
s3617,Thrillers
s3631,Dramas
s3631,International Movies
s3632,Dramas
s3632,Independent Movies
s3632,International Movies
s3656,International TV Shows
s3656,TV Horror
s3656,TV Mysteries
s3659,Action & Adventure
s3659,Dramas
s3659,International Movies
s3662,Dramas
s3662,International Movies
s3700,Dramas
s3700,International Movies
s3700,Thrillers
s3702,Comedies
s3702,Dramas
s3702,International Movies
s3714,International Movies
s3714,Music & Musicals
s3714,Thrillers
s3715,Documentaries
s3715,International Movies
s3730,Horror Movies
s3730,Independent Movies
s3730,International Movies
s3740,Comedies
s3740,International Movies
s3740,Romantic Movies
s3741,Dramas
s3741,Independent Movies
s3741,International Movies
s3751,British TV Shows
s3751,International TV Shows
s3751,TV Dramas
s3766,Comedies
s3766,International Movies
s3766,Romantic Movies
s3769,Comedies
s3769,Horror Movies
s3769,Independent Movies
s3782,Dramas
s3782,International Movies
s3784,Dramas
s3784,Independent Movies
s3784,International Movies
s3789,Comedies
s3789,Dramas
s3789,Independent Movies
s3791,Dramas
s3791,International Movies
s3805,Action & Adventure
s3805,Comedies
s3805,International Movies
s3820,Dramas
s3820,Independent Movies
s3820,International Movies
s3823,Dramas
s3823,Independent Movies
s3823,International Movies
s3869,Comedies
s3869,Dramas
s3869,International Movies
s3875,Comedies
s3875,Dramas
s3875,International Movies
s3886,Dramas
s3886,Independent Movies
s3886,International Movies
s3891,Comedies
s3891,Dramas
s3891,International Movies
s3900,Dramas
s3900,Independent Movies
s3900,International Movies
s3911,Comedies
s3911,Dramas
s3911,International Movies
s3912,International Movies
s3912,Music & Musicals
s3912,Thrillers
s3914,Dramas
s3914,International Movies
s3914,Romantic Movies
s3915,Comedies
s3915,International Movies
s3915,Music & Musicals
s3916,Comedies
s3916,International Movies
s3916,Romantic Movies
s3917,Dramas
s3917,International Movies
s3917,Sci-Fi & Fantasy
s3918,Dramas
s3918,International Movies
s3918,Romantic Movies
s3919,Action & Adventure
s3919,Comedies
s3919,Dramas
s3933,Dramas
s3933,International Movies
s3933,Music & Musicals
s3940,Action & Adventure
s3940,Comedies
s3940,Dramas
s3951,Comedies
s3951,Dramas
s3951,International Movies
s3963,Comedies
s3963,Dramas
s3963,Independent Movies
s3976,Action & Adventure
s3976,Comedies
s3976,Dramas
s3982,Crime TV Shows
s3982,International TV Shows
s3982,TV Dramas
s3998,Dramas
s3998,Independent Movies
s3998,International Movies
s4003,Comedies
s4003,Dramas
s4003,International Movies
s4055,Docuseries
s4055,International TV Shows
s4073,Dramas
s4073,Independent Movies
s4073,International Movies
s4082,Dramas
s4082,Independent Movies
s4082,International Movies
s4086,Dramas
s4086,International Movies
s4089,Dramas
s4089,Independent Movies
s4089,International Movies
s4095,Dramas
s4095,Independent Movies
s4095,International Movies
s4098,Dramas
s4098,International Movies
s4098,Sci-Fi & Fantasy
s4099,Dramas
s4099,Independent Movies
s4099,International Movies
s4102,Dramas
s4102,Independent Movies
s4102,International Movies
s4103,Dramas
s4103,International Movies
s4104,Comedies
s4104,Dramas
s4104,International Movies
s4107,Dramas
s4107,International Movies
s4107,Romantic Movies
s4108,Comedies
s4108,International Movies
s4108,Romantic Movies
s4109,Dramas
s4109,International Movies
s4113,Comedies
s4113,International Movies
s4113,Romantic Movies
s4135,Dramas
s4135,Independent Movies
s4135,International Movies
s4152,Dramas
s4152,International Movies
s4152,Music & Musicals
s4153,Dramas
s4153,Independent Movies
s4153,International Movies
s4159,Dramas
s4159,Independent Movies
s4159,International Movies
s4183,Dramas
s4183,Independent Movies
s4183,International Movies
s4188,Comedies
s4188,Independent Movies
s4188,International Movies
s4189,International Movies
s4189,Thrillers
s4191,Action & Adventure
s4191,Dramas
s4191,International Movies
s4198,Dramas
s4198,International Movies
s4210,Comedies
s4210,Dramas
s4210,International Movies
s4222,Dramas
s4222,Independent Movies
s4222,International Movies
s4225,International Movies
s4225,Thrillers
s4226,Dramas
s4226,Independent Movies
s4226,International Movies
s4256,Action & Adventure
s4256,Comedies
s4256,Dramas
s4258,International TV Shows
s4258,TV Dramas
s4258,Teen TV Shows
s4284,Dramas
s4284,Independent Movies
s4284,International Movies
s4286,Dramas
s4286,Independent Movies
s4286,International Movies
s4288,Comedies
s4288,Dramas
s4288,International Movies
s4304,Dramas
s4304,International Movies
s4304,Thrillers
s4336,Comedies
s4336,Dramas
s4336,International Movies
s4347,Dramas
s4347,Independent Movies
s4347,International Movies
s4358,Dramas
s4358,Independent Movies
s4358,International Movies
s4359,Comedies
s4359,Dramas
s4359,International Movies
s4389,Dramas
s4389,Independent Movies
s4389,International Movies
s4392,Comedies
s4392,Dramas
s4392,Independent Movies
s4394,Documentaries
s4394,International Movies
s4395,Comedies
s4395,Independent Movies
s4395,International Movies
s4396,Horror Movies
s4396,International Movies
s4412,Dramas
s4412,International Movies
s4421,Comedies
s4421,International Movies
s4421,Music & Musicals
s4422,International Movies
s4422,Thrillers
s4423,Dramas
s4423,International Movies
s4423,Music & Musicals
s4424,Dramas
s4424,International Movies
s4425,Action & Adventure
s4425,Dramas
s4425,International Movies
s4426,Dramas
s4426,International Movies
s4426,Music & Musicals
s4427,Comedies
s4427,Dramas
s4427,International Movies
s4428,Comedies
s4428,Dramas
s4428,International Movies
s4430,Comedies
s4430,Dramas
s4430,International Movies
s4432,Dramas
s4432,International Movies
s4432,Music & Musicals
s4433,Comedies
s4433,International Movies
s4433,Music & Musicals
s4434,Comedies
s4434,International Movies
s4438,Dramas
s4438,International Movies
s4438,Thrillers
s4439,Comedies
s4439,International Movies
s4439,Thrillers
s4440,International Movies
s4440,Thrillers
s4441,Comedies
s4441,Dramas
s4441,International Movies
s4442,Dramas
s4442,International Movies
s4443,Action & Adventure
s4443,Comedies
s4443,International Movies
s4444,Comedies
s4444,International Movies
s4444,Music & Musicals
s4445,Comedies
s4445,International Movies
s4445,Music & Musicals
s4446,Dramas
s4446,International Movies
s4446,Sports Movies
s4447,Comedies
s4447,International Movies
s4447,Music & Musicals
s4449,Comedies
s4449,Dramas
s4449,International Movies
s4450,Dramas
s4450,International Movies
s4450,Music & Musicals
s4452,Dramas
s4452,International Movies
s4453,Comedies
s4453,International Movies
s4453,Music & Musicals
s4454,Dramas
s4454,International Movies
s4455,Comedies
s4455,Dramas
s4455,International Movies
s4456,Action & Adventure
s4456,Dramas
s4456,International Movies
s4457,Dramas
s4457,International Movies
s4457,Thrillers
s4458,Dramas
s4458,International Movies
s4458,Music & Musicals
s4459,Comedies
s4459,International Movies
s4459,Music & Musicals
s4460,Dramas
s4460,International Movies
s4460,Thrillers
s4465,Comedies
s4465,Dramas
s4465,International Movies
s4466,Comedies
s4466,Dramas
s4466,Independent Movies
s4467,Children & Family Movies
s4467,Dramas
s4478,Dramas
s4478,International Movies
s4478,Thrillers
s4497,Dramas
s4497,International Movies
s4503,Dramas
s4503,International Movies
s4503,Thrillers
s4507,Dramas
s4507,International Movies
s4508,Dramas
s4508,International Movies
s4510,Dramas
s4510,International Movies
s4510,Sports Movies
s4538,Dramas
s4538,International Movies
s4557,Action & Adventure
s4557,Dramas
s4557,International Movies
s4559,Horror Movies
s4559,International Movies
s4560,Action & Adventure
s4560,Dramas
s4560,International Movies
s4561,Dramas
s4561,International Movies
s4561,Sports Movies
s4562,Dramas
s4562,International Movies
s4563,Dramas
s4563,International Movies
s4563,Romantic Movies
s4564,International Movies
s4564,Music & Musicals
s4564,Romantic Movies
s4566,Comedies
s4566,International Movies
s4566,Romantic Movies
s4568,Dramas
s4568,International Movies
s4568,Music & Musicals
s4569,Comedies
s4569,International Movies
s4569,Music & Musicals
s4570,Dramas
s4570,International Movies
s4572,Action & Adventure
s4572,Comedies
s4572,International Movies
s4573,Comedies
s4573,Dramas
s4573,International Movies
s4574,Action & Adventure
s4574,Dramas
s4574,International Movies
s4575,Comedies
s4575,Dramas
s4575,International Movies
s4576,Dramas
s4576,International Movies
s4576,Music & Musicals
s4577,Dramas
s4577,International Movies
s4577,Sports Movies
s4578,Comedies
s4578,International Movies
s4578,Romantic Movies
s4579,Action & Adventure
s4579,Dramas
s4579,International Movies
s4580,Comedies
s4580,Dramas
s4580,International Movies
s4581,International Movies
s4581,Thrillers
s4582,Dramas
s4582,International Movies
s4583,Comedies
s4583,International Movies
s4583,Romantic Movies
s4584,Comedies
s4584,Dramas
s4584,International Movies
s4585,Comedies
s4585,Dramas
s4585,International Movies
s4586,Comedies
s4586,International Movies
s4587,Action & Adventure
s4587,International Movies
s4588,Action & Adventure
s4588,International Movies
s4589,Comedies
s4589,International Movies
s4589,Sci-Fi & Fantasy
s4593,Action & Adventure
s4593,Dramas
s4593,International Movies
s4594,Dramas
s4594,International Movies
s4594,Romantic Movies
s4595,Comedies
s4595,International Movies
s4595,Music & Musicals
s4596,Action & Adventure
s4596,Dramas
s4596,International Movies
s4597,Comedies
s4597,Dramas
s4597,Independent Movies
s4598,Action & Adventure
s4598,International Movies
s4599,Horror Movies
s4599,International Movies
s4599,Thrillers
s4600,Comedies
s4600,International Movies
s4600,Music & Musicals
s4601,Action & Adventure
s4601,International Movies
s4601,Music & Musicals
s4602,Action & Adventure
s4602,International Movies
s4602,Music & Musicals
s4603,Comedies
s4603,Dramas
s4603,International Movies
s4604,Comedies
s4604,Dramas
s4604,International Movies
s4606,Action & Adventure
s4606,International Movies
s4606,Music & Musicals
s4608,Comedies
s4608,International Movies
s4608,Music & Musicals
s4610,Action & Adventure
s4610,Dramas
s4610,International Movies
s4611,Dramas
s4611,Independent Movies
s4611,International Movies
s4612,Action & Adventure
s4612,International Movies
s4612,Music & Musicals
s4613,Comedies
s4613,International Movies
s4613,Romantic Movies
s4614,Dramas
s4614,International Movies
s4615,Comedies
s4615,International Movies
s4615,Romantic Movies
s4661,Comedies
s4661,Dramas
s4661,International Movies
s4667,Dramas
s4667,Independent Movies
s4667,International Movies
s4668,Dramas
s4668,Independent Movies
s4668,International Movies
s4669,Dramas
s4669,Independent Movies
s4669,International Movies
s4670,Dramas
s4670,Independent Movies
s4670,International Movies
s4680,Action & Adventure
s4680,International Movies
s4681,Comedies
s4681,International Movies
s4681,Romantic Movies
s4682,Action & Adventure
s4682,International Movies
s4686,International TV Shows
s4686,TV Dramas
s4686,TV Horror
s4691,Comedies
s4691,Dramas
s4691,International Movies
s4692,Action & Adventure
s4692,Dramas
s4692,International Movies
s4693,Dramas
s4693,International Movies
s4693,Thrillers
s4694,Dramas
s4694,International Movies
s4694,Romantic Movies
s4695,Comedies
s4695,Dramas
s4695,International Movies
s4701,Dramas
s4701,International Movies
s4701,Sci-Fi & Fantasy
s4702,Comedies
s4702,Dramas
s4702,Independent Movies
s4713,Comedies
s4713,Dramas
s4713,International Movies
s4714,Action & Adventure
s4714,International Movies
s4715,Comedies
s4715,Dramas
s4715,International Movies
s4720,Dramas
s4720,International Movies
s4720,Thrillers
s4721,Children & Family Movies
s4721,Comedies
s4721,Dramas
s4722,Dramas
s4722,International Movies
s4723,Dramas
s4723,International Movies
s4723,Romantic Movies
s4724,Dramas
s4724,International Movies
s4724,Music & Musicals
s4725,Dramas
s4725,International Movies
s4726,Dramas
s4726,International Movies
s4726,Romantic Movies
s4727,Action & Adventure
s4727,Dramas
s4727,International Movies
s4728,Comedies
s4728,International Movies
s4728,Music & Musicals
s4729,Comedies
s4729,International Movies
s4729,Music & Musicals
s4730,International Movies
s4730,Music & Musicals
s4730,Romantic Movies
s4731,Action & Adventure
s4731,Dramas
s4731,International Movies
s4732,Dramas
s4732,International Movies
s4732,Thrillers
s4733,Dramas
s4733,International Movies
s4734,Action & Adventure
s4734,Comedies
s4734,International Movies
s4735,Dramas
s4735,International Movies
s4735,Romantic Movies
s4736,Comedies
s4736,International Movies
s4736,Romantic Movies
s4737,Comedies
s4737,International Movies
s4737,Romantic Movies
s4738,Children & Family Movies
s4738,Dramas
s4738,Independent Movies
s4756,Dramas
s4756,International Movies
s4791,Comedies
s4791,Dramas
s4791,International Movies
s4793,Dramas
s4793,International Movies
s4793,Romantic Movies
s4794,Comedies
s4794,Dramas
s4794,International Movies
s4796,Children & Family Movies
s4796,Comedies
s4796,Dramas
s4797,Dramas
s4797,International Movies
s4797,Thrillers
s4798,Comedies
s4798,Dramas
s4798,International Movies
s4801,Comedies
s4801,Dramas
s4801,International Movies
s4803,Dramas
s4803,Independent Movies
s4803,International Movies
s4826,Comedies
s4826,Dramas
s4826,International Movies
s4840,Dramas
s4840,International Movies
s4861,Action & Adventure
s4861,Dramas
s4861,International Movies
s4886,Dramas
s4886,International Movies
s4887,Action & Adventure
s4887,Dramas
s4887,Independent Movies
s4900,Dramas
s4900,International Movies
s4905,Comedies
s4905,International Movies
s4905,Romantic Movies
s4946,Dramas
s4946,International Movies
s4946,Thrillers
s4949,Dramas
s4949,International Movies
s4953,Action & Adventure
s4953,Comedies
s4953,Dramas
s4954,Dramas
s4954,International Movies
s4954,Thrillers
s4955,Comedies
s4955,Dramas
s4955,International Movies
s4956,Dramas
s4956,International Movies
s4956,Romantic Movies
s4957,Comedies
s4957,Dramas
s4957,International Movies
s4976,Dramas
s4976,International Movies
s4976,Music & Musicals
s4996,Documentaries
s4996,International Movies
s4996,Sports Movies
s5008,Dramas
s5008,International Movies
s5008,Romantic Movies
s5009,Dramas
s5009,International Movies
s5010,Action & Adventure
s5010,Comedies
s5010,International Movies
s5013,Dramas
s5013,International Movies
s5013,Romantic Movies
s5015,Dramas
s5015,International Movies
s5021,Comedies
s5021,Independent Movies
s5021,International Movies
s5022,Dramas
s5022,International Movies
s5041,Comedies
s5041,International Movies
s5041,Romantic Movies
s5080,Action & Adventure
s5080,International Movies
s5080,Sci-Fi & Fantasy
s5081,Dramas
s5081,International Movies
s5081,Music & Musicals
s5089,Horror Movies
s5089,International Movies
s5089,Thrillers
s5123,Comedies
s5123,Dramas
s5123,International Movies
s5131,Action & Adventure
s5131,International Movies
s5132,Dramas
s5132,International Movies
s5132,Music & Musicals
s5136,Comedies
s5136,International Movies
s5136,Romantic Movies
s5143,Children & Family Movies
s5152,Comedies
s5152,International Movies
s5184,Comedies
s5184,Dramas
s5184,International Movies
s5187,Action & Adventure
s5187,Dramas
s5187,International Movies
s5215,Action & Adventure
s5215,International Movies
s5218,Dramas
s5218,International Movies
s5218,Music & Musicals
s5221,Comedies
s5221,Dramas
s5221,International Movies
s5291,Action & Adventure
s5291,International Movies
s5296,Comedies
s5296,International Movies
s5296,Romantic Movies
s5297,Dramas
s5297,International Movies
s5297,Music & Musicals
s5301,Action & Adventure
s5301,International Movies
s5304,Comedies
s5304,International Movies
s5304,Music & Musicals
s5305,Action & Adventure
s5305,Dramas
s5305,International Movies
s5310,Dramas
s5310,International Movies
s5310,Romantic Movies
s5335,Action & Adventure
s5335,Dramas
s5335,International Movies
s5338,Action & Adventure
s5338,Dramas
s5338,International Movies
s5372,Stand-Up Comedy
s5392,Dramas
s5392,International Movies
s5392,Music & Musicals
s5397,Classic Movies
s5397,Dramas
s5397,International Movies
s5399,Dramas
s5399,Independent Movies
s5399,International Movies
s5401,Comedies
s5401,Dramas
s5401,International Movies
s5409,Dramas
s5409,International Movies
s5421,Dramas
s5421,International Movies
s5421,Sports Movies
s5430,Comedies
s5430,Dramas
s5430,International Movies
s5442,Children & Family Movies
s5442,Dramas
s5442,Music & Musicals
s5448,Dramas
s5448,International Movies
s5448,Music & Musicals
s5453,Dramas
s5453,Independent Movies
s5453,International Movies
s5456,Dramas
s5456,International Movies
s5456,Music & Musicals
s5461,Action & Adventure
s5461,Comedies
s5461,International Movies
s5462,Dramas
s5462,International Movies
s5462,Romantic Movies
s5463,Dramas
s5463,International Movies
s5470,Action & Adventure
s5470,Dramas
s5470,International Movies
s5473,Action & Adventure
s5473,Dramas
s5473,International Movies
s5482,Comedies
s5482,International Movies
s5482,Sci-Fi & Fantasy
s5483,Comedies
s5483,Dramas
s5483,International Movies
s5486,Dramas
s5486,International Movies
s5486,Music & Musicals
s5500,Dramas
s5500,International Movies
s5500,Romantic Movies
s5501,Comedies
s5501,Dramas
s5501,International Movies
s5506,Dramas
s5506,Independent Movies
s5506,International Movies
s5516,Comedies
s5516,Dramas
s5516,International Movies
s5546,Action & Adventure
s5546,Cult Movies
s5546,International Movies
s5548,Dramas
s5548,International Movies
s5550,Action & Adventure
s5550,International Movies
s5550,Music & Musicals
s5572,Action & Adventure
s5572,Dramas
s5572,International Movies
s5575,Action & Adventure
s5575,Comedies
s5575,Dramas
s5585,Dramas
s5585,International Movies
s5585,Romantic Movies
s5588,Action & Adventure
s5588,International Movies
s5600,Action & Adventure
s5600,International Movies
s5617,Action & Adventure
s5617,Dramas
s5617,International Movies
s5618,Action & Adventure
s5618,Comedies
s5618,Dramas
s5619,Dramas
s5619,Independent Movies
s5619,International Movies
s5630,Dramas
s5630,International Movies
s5648,Dramas
s5648,International Movies
s5648,Thrillers
s5652,Dramas
s5652,International Movies
s5697,Dramas
s5697,International Movies
s5702,Dramas
s5702,International Movies
s5702,Thrillers
s5706,Dramas
s5706,Independent Movies
s5706,International Movies
s5711,Dramas
s5711,Independent Movies
s5711,International Movies
s5719,Dramas
s5719,Independent Movies
s5719,International Movies
s5768,Dramas
s5768,International Movies
s5779,Dramas
s5779,Independent Movies
s5779,International Movies
s5834,Comedies
s5834,Independent Movies
s5834,International Movies
s5838,Dramas
s5838,Independent Movies
s5838,International Movies
s5962,Horror Movies
s5962,International Movies
s5963,Horror Movies
s5963,International Movies
s5963,Thrillers
s5967,Comedies
s5967,Dramas
s5967,Independent Movies
s5969,Action & Adventure
s5969,Dramas
s5969,International Movies
s5970,Dramas
s5970,International Movies
s5971,Dramas
s5971,International Movies
s6002,International TV Shows
s6002,TV Dramas
s6023,Horror Movies
s6023,International Movies
s6023,Thrillers
s6025,TV Shows
s6029,Dramas
s6029,Independent Movies
s6029,International Movies
s6036,Action & Adventure
s6036,International Movies
s6036,Sci-Fi & Fantasy
s6056,International Movies
s6056,Thrillers
s6064,Action & Adventure
s6064,Dramas
s6064,International Movies
s6072,Comedies
s6072,International Movies
s6073,Comedies
s6073,Dramas
s6073,International Movies
s6074,Dramas
s6074,International Movies
s6075,Dramas
s6075,International Movies
s6076,Comedies
s6076,Dramas
s6076,International Movies
s6077,Comedies
s6077,Dramas
s6077,International Movies
s6079,Comedies
s6079,International Movies
s6079,Sci-Fi & Fantasy
s6093,Horror Movies
s6093,Independent Movies
s6093,International Movies
s6103,Crime TV Shows
s6103,International TV Shows
s6103,TV Action & Adventure
s6104,Dramas
s6104,International Movies
s6104,Romantic Movies
s6107,Dramas
s6107,Independent Movies
s6107,International Movies
s6108,International Movies
s6108,Music & Musicals
s6108,Romantic Movies
s6126,Children & Family Movies
s6131,Action & Adventure
s6131,Classic Movies
s6131,Comedies
s6151,Documentaries
s6151,International Movies
s6160,Dramas
s6160,Independent Movies
s6160,International Movies
s6166,Dramas
s6166,Independent Movies
s6166,International Movies
s6167,International TV Shows
s6167,TV Horror
s6167,TV Thrillers
s6168,International TV Shows
s6168,TV Horror
s6168,TV Mysteries
s6169,Dramas
s6169,International Movies
s6169,Thrillers
s6177,Dramas
s6177,Independent Movies
s6177,International Movies
s6203,Dramas
s6203,International Movies
s6203,Sports Movies
s6204,Dramas
s6204,Independent Movies
s6204,International Movies
s6207,Documentaries
s6207,International Movies
s6217,International TV Shows
s6217,TV Dramas
s6218,Dramas
s6218,International Movies
s6233,Dramas
s6233,International Movies
s6247,Action & Adventure
s6247,International Movies
s6247,Music & Musicals
s6255,Classic Movies
s6255,Comedies
s6255,Dramas
s6256,Dramas
s6256,Independent Movies
s6256,International Movies
s6278,Dramas
s6278,International Movies
s6278,Romantic Movies
s6290,Dramas
s6290,International Movies
s6290,Romantic Movies
s6293,Documentaries
s6293,International Movies
s6293,Sports Movies
s6294,Dramas
s6294,Independent Movies
s6294,International Movies
s6295,International TV Shows
s6295,TV Comedies
s6296,International TV Shows
s6296,Romantic TV Shows
s6296,TV Dramas
s6297,Comedies
s6297,International Movies
s6297,Romantic Movies
s6299,Dramas
s6299,International Movies
s6299,Thrillers
s6300,Horror Movies
s6300,International Movies
s6300,Thrillers
s6301,Dramas
s6301,Independent Movies
s6301,International Movies
s6314,Dramas
s6314,International Movies
s6315,Dramas
s6315,International Movies
s6315,LGBTQ Movies
s6321,Comedies
s6321,Dramas
s6321,International Movies
s6351,Classic Movies
s6351,Dramas
s6351,International Movies
s6360,Action & Adventure
s6360,Dramas
s6360,International Movies
s6375,Documentaries
s6375,International Movies
s6375,LGBTQ Movies
s6404,Dramas
s6404,International Movies
s6419,Comedies
s6419,Dramas
s6419,International Movies
s6433,Documentaries
s6437,Documentaries
s6437,International Movies
s6439,Dramas
s6439,Faith & Spirituality
s6439,International Movies
s6440,Comedies
s6440,Dramas
s6440,International Movies
s6441,Comedies
s6441,International Movies
s6441,Romantic Movies
s6450,Comedies
s6450,International Movies
s6450,Music & Musicals
s6455,Dramas
s6455,Independent Movies
s6455,International Movies
s6465,Children & Family Movies
s6466,Comedies
s6466,International Movies
s6473,Dramas
s6473,Independent Movies
s6473,International Movies
s6486,Classic Movies
s6486,Comedies
s6486,International Movies
s6496,Docuseries
s6496,International TV Shows
s6513,Comedies
s6513,Independent Movies
s6513,International Movies
s6516,Comedies
s6516,Dramas
s6516,Independent Movies
s6518,Dramas
s6518,International Movies
s6523,Action & Adventure
s6523,Dramas
s6523,International Movies
s6531,Action & Adventure
s6531,Dramas
s6531,Independent Movies
s6542,Comedies
s6542,Dramas
s6542,Independent Movies
s6547,Action & Adventure
s6547,Dramas
s6547,International Movies
s6554,Dramas
s6554,International Movies
s6555,Dramas
s6555,Independent Movies
s6555,International Movies
s6565,Dramas
s6565,International Movies
s6565,Thrillers
s6568,Horror Movies
s6568,International Movies
s6568,Thrillers
s6569,International TV Shows
s6569,TV Horror
s6569,TV Thrillers
s6570,Dramas
s6570,International Movies
s6578,Independent Movies
s6578,International Movies
s6578,Thrillers
s6581,Comedies
s6581,Dramas
s6581,Independent Movies
s6589,International Movies
s6589,Thrillers
s6602,International TV Shows
s6603,Dramas
s6603,International Movies
s6605,Action & Adventure
s6605,Comedies
s6605,International Movies
s6611,Dramas
s6611,International Movies
s6611,Music & Musicals
s6655,Action & Adventure
s6655,Dramas
s6655,International Movies
s6667,Dramas
s6667,International Movies
s6667,Romantic Movies
s6668,Dramas
s6668,International Movies
s6669,Dramas
s6669,Independent Movies
s6669,International Movies
s6670,Dramas
s6670,International Movies
s6670,Thrillers
s6695,Dramas
s6695,Independent Movies
s6695,International Movies
s6708,International Movies
s6708,Music & Musicals
s6708,Thrillers
s6734,Action & Adventure
s6734,Dramas
s6734,International Movies
s6738,Documentaries
s6738,International Movies
s6740,Dramas
s6740,Independent Movies
s6740,International Movies
s6745,International TV Shows
s6745,TV Horror
s6745,TV Thrillers
s6758,Dramas
s6758,Independent Movies
s6758,International Movies
s6821,International TV Shows
s6821,TV Dramas
s6826,International TV Shows
s6826,Stand-Up Comedy & Talk Shows
s6826,TV Comedies
s6832,Dramas
s6832,International Movies
s6833,Dramas
s6845,Action & Adventure
s6845,Dramas
s6845,International Movies
s6852,Action & Adventure
s6852,Dramas
s6852,International Movies
s6865,Classic Movies
s6865,Comedies
s6865,International Movies
s6871,Comedies
s6871,International Movies
s6888,Dramas
s6888,Independent Movies
s6888,International Movies
s6892,Comedies
s6892,International Movies
s6892,Music & Musicals
s6908,Comedies
s6908,Dramas
s6908,International Movies
s6913,Dramas
s6913,International Movies
s6913,Music & Musicals
s6937,Action & Adventure
s6937,Comedies
s6937,Dramas
s6961,Action & Adventure
s6961,Comedies
s6961,Dramas
s6967,Horror Movies
s6967,International Movies
s6967,Thrillers
s6974,Horror Movies
s6974,International Movies
s6974,Thrillers
s6976,Dramas
s6976,International Movies
s6989,Dramas
s6989,International Movies
s6994,Children & Family Movies
s6994,Comedies
s6994,Dramas
s7000,Horror Movies
s7000,International Movies
s7021,Dramas
s7021,International Movies
s7023,Dramas
s7023,International Movies
s7023,Music & Musicals
s7024,International Movies
s7024,Music & Musicals
s7024,Romantic Movies
s7036,Dramas
s7036,Independent Movies
s7036,International Movies
s7054,Comedies
s7054,International Movies
s7054,Romantic Movies
s7065,Dramas
s7065,International Movies
s7065,Romantic Movies
s7069,Dramas
s7069,Independent Movies
s7069,International Movies
s7080,Action & Adventure
s7080,Dramas
s7080,International Movies
s7095,Dramas
s7095,Independent Movies
s7095,International Movies
s7096,Comedies
s7096,Dramas
s7096,International Movies
s7100,Dramas
s7100,International Movies
s7100,Romantic Movies
s7103,Dramas
s7103,International Movies
s7103,Music & Musicals
s7110,Dramas
s7110,International Movies
s7110,Romantic Movies
s7116,Dramas
s7116,International Movies
s7118,Dramas
s7118,Independent Movies
s7118,International Movies
s7119,Dramas
s7119,Independent Movies
s7119,International Movies
s7130,International TV Shows
s7130,TV Dramas
s7136,Documentaries
s7136,International Movies
s7138,International Movies
s7138,Thrillers
s7142,Action & Adventure
s7142,International Movies
s7145,Comedies
s7145,International Movies
s7145,Romantic Movies
s7159,Dramas
s7159,International Movies
s7160,Dramas
s7160,International Movies
s7160,Romantic Movies
s7161,Action & Adventure
s7161,Dramas
s7161,International Movies
s7162,Dramas
s7162,International Movies
s7163,Action & Adventure
s7163,Dramas
s7163,International Movies
s7164,Dramas
s7164,International Movies
s7164,Romantic Movies
s7166,Dramas
s7166,International Movies
s7166,Music & Musicals
s7168,Dramas
s7168,Independent Movies
s7168,International Movies
s7169,Horror Movies
s7169,International Movies
s7169,Thrillers
s7170,International Movies
s7170,Music & Musicals
s7170,Romantic Movies
s7172,Comedies
s7172,Dramas
s7172,Independent Movies
s7174,Dramas
s7174,International Movies
s7175,Comedies
s7175,Dramas
s7175,International Movies
s7184,Action & Adventure
s7184,Dramas
s7184,International Movies
s7185,Crime TV Shows
s7185,International TV Shows
s7185,TV Comedies
s7186,International TV Shows
s7186,TV Dramas
s7187,Comedies
s7187,Dramas
s7187,International Movies
s7188,Crime TV Shows
s7188,International TV Shows
s7188,TV Dramas
s7189,Classic Movies
s7189,Comedies
s7189,Dramas
s7190,Comedies
s7190,International Movies
s7190,Music & Musicals
s7191,Dramas
s7191,Independent Movies
s7191,International Movies
s7213,Comedies
s7213,International Movies
s7225,International Movies
s7225,Romantic Movies
s7231,Children & Family Movies
s7239,Dramas
s7239,Independent Movies
s7239,International Movies
s7243,Action & Adventure
s7243,Comedies
s7243,International Movies
s7248,Dramas
s7248,International Movies
s7248,Romantic Movies
s7250,International Movies
s7250,Romantic Movies
s7260,Dramas
s7260,International Movies
s7260,Thrillers
s7266,Dramas
s7266,International Movies
s7281,Comedies
s7281,Horror Movies
s7281,International Movies
s7309,Dramas
s7338,Dramas
s7338,International Movies
s7338,Sports Movies
s7347,Comedies
s7347,International Movies
s7347,Romantic Movies
s7361,Dramas
s7361,International Movies
s7361,Romantic Movies
s7362,Horror Movies
s7362,International Movies
s7362,Thrillers
s7364,International Movies
s7364,Thrillers
s7365,Dramas
s7365,International Movies
s7367,Horror Movies
s7367,International Movies
s7373,Dramas
s7373,Independent Movies
s7373,International Movies
s7381,Action & Adventure
s7381,Dramas
s7381,International Movies
s7382,International TV Shows
s7382,TV Action & Adventure
s7382,TV Sci-Fi & Fantasy
s7383,International TV Shows
s7383,TV Action & Adventure
s7383,TV Sci-Fi & Fantasy
s7384,International TV Shows
s7384,TV Comedies
s7387,Comedies
s7387,International Movies
s7387,Music & Musicals
s7388,Dramas
s7388,International Movies
s7388,Music & Musicals
s7389,Dramas
s7389,International Movies
s7394,Dramas
s7394,Independent Movies
s7394,International Movies
s7395,Dramas
s7395,International Movies
s7395,Romantic Movies
s7401,Dramas
s7401,Independent Movies
s7401,International Movies
s7402,Dramas
s7402,Independent Movies
s7402,International Movies
s7408,Dramas
s7408,Independent Movies
s7408,International Movies
s7414,Documentaries
s7414,International Movies
s7420,Dramas
s7420,Independent Movies
s7420,International Movies
s7423,Comedies
s7423,Dramas
s7423,International Movies
s7429,Comedies
s7429,International Movies
s7429,Romantic Movies
s7438,Dramas
s7438,International Movies
s7438,Romantic Movies
s7451,Comedies
s7451,International Movies
s7451,Sci-Fi & Fantasy
s7454,International TV Shows
s7454,Stand-Up Comedy & Talk Shows
s7454,TV Comedies
s7459,Dramas
s7459,International Movies
s7463,Dramas
s7463,International Movies
s7463,Music & Musicals
s7476,Dramas
s7476,Independent Movies
s7476,International Movies
s7513,Dramas
s7513,International Movies
s7514,Children & Family Movies
s7514,Comedies
s7525,Comedies
s7525,International Movies
s7525,Romantic Movies
s7533,Dramas
s7533,Independent Movies
s7533,International Movies
s7553,Horror Movies
s7553,International Movies
s7555,Documentaries
s7555,International Movies
s7558,Action & Adventure
s7558,Comedies
s7558,International Movies
s7566,Dramas
s7566,International Movies
s7583,Action & Adventure
s7583,Dramas
s7583,International Movies
s7591,Comedies
s7591,International Movies
s7596,Children & Family Movies
s7597,Children & Family Movies
s7597,Comedies
s7653,Documentaries
s7653,Faith & Spirituality
s7654,Dramas
s7654,International Movies
s7663,Documentaries
s7663,International Movies
s7663,Music & Musicals
s7666,Dramas
s7666,International Movies
s7666,Music & Musicals
s7681,Comedies
s7681,Dramas
s7681,International Movies
s7683,Dramas
s7683,International Movies
s7689,Comedies
s7689,Independent Movies
s7689,International Movies
s7692,Dramas
s7692,International Movies
s7703,Comedies
s7703,Dramas
s7703,International Movies
s7707,Dramas
s7707,International Movies
s7707,Romantic Movies
s7708,Dramas
s7708,Independent Movies
s7708,International Movies
s7713,Dramas
s7713,International Movies
s7713,Sports Movies
s7718,Dramas
s7718,International Movies
s7720,Comedies
s7720,International Movies
s7737,International Movies
s7737,Romantic Movies
s7740,Dramas
s7740,Independent Movies
s7740,International Movies
s7743,Dramas
s7743,Independent Movies
s7743,International Movies
s7745,Dramas
s7745,International Movies
s7745,Music & Musicals
s7760,Crime TV Shows
s7760,International TV Shows
s7760,TV Dramas
s7790,Dramas
s7790,Independent Movies
s7790,International Movies
s7792,International Movies
s7792,Romantic Movies
s7802,Action & Adventure
s7802,Dramas
s7802,International Movies
s7804,Dramas
s7804,International Movies
s7806,Comedies
s7806,Dramas
s7806,International Movies
s7807,International TV Shows
s7807,Romantic TV Shows
s7807,TV Dramas
s7820,Dramas
s7820,International Movies
s7822,Dramas
s7822,International Movies
s7825,Dramas
s7825,International Movies
s7825,Romantic Movies
s7826,Comedies
s7826,Dramas
s7826,Independent Movies
s7828,Classic Movies
s7828,Dramas
s7828,International Movies
s7829,International TV Shows
s7829,TV Dramas
s7831,Comedies
s7831,Dramas
s7831,International Movies
s7833,Horror Movies
s7833,International Movies
s7833,Thrillers
s7836,International TV Shows
s7836,Romantic TV Shows
s7836,TV Dramas
s7838,Comedies
s7838,International Movies
s7838,Romantic Movies
s7846,Dramas
s7846,International Movies
s7862,Dramas
s7862,International Movies
s7870,Dramas
s7870,International Movies
s7872,Horror Movies
s7872,International Movies
s7873,International TV Shows
s7873,Romantic TV Shows
s7873,TV Comedies
s7874,Dramas
s7874,Independent Movies
s7874,International Movies
s7875,Dramas
s7875,Independent Movies
s7875,International Movies
s7889,Action & Adventure
s7889,Comedies
s7889,Music & Musicals
s7899,Dramas
s7899,Independent Movies
s7899,International Movies
s7903,Action & Adventure
s7903,International Movies
s7903,Music & Musicals
s7911,Dramas
s7911,International Movies
s7914,Dramas
s7914,Independent Movies
s7914,International Movies
s7918,Dramas
s7918,International Movies
s7918,Romantic Movies
s7920,Documentaries
s7920,International Movies
s7922,Dramas
s7922,International Movies
s7923,Dramas
s7923,International Movies
s7923,Romantic Movies
s7924,Dramas
s7924,International Movies
s7924,Music & Musicals
s7926,Dramas
s7926,International Movies
s7927,Dramas
s7927,International Movies
s7932,Comedies
s7932,Dramas
s7932,International Movies
s7933,Classic Movies
s7933,Dramas
s7933,International Movies
s7938,Action & Adventure
s7938,Comedies
s7938,International Movies
s7939,Dramas
s7939,International Movies
s7940,Dramas
s7940,International Movies
s7941,Dramas
s7941,Faith & Spirituality
s7941,International Movies
s7944,Dramas
s7944,International Movies
s7944,Music & Musicals
s7945,Comedies
s7945,Cult Movies
s7945,Dramas
s7993,Comedies
s7993,International Movies
s7995,Dramas
s7995,International Movies
s7995,Thrillers
s7996,Dramas
s7996,Independent Movies
s7996,International Movies
s7997,Comedies
s7997,International Movies
s7997,Music & Musicals
s8000,Dramas
s8000,International Movies
s8005,Action & Adventure
s8005,Dramas
s8005,International Movies
s8009,Dramas
s8009,International Movies
s8013,Dramas
s8013,International Movies
s8013,Thrillers
s8017,Dramas
s8017,Independent Movies
s8017,International Movies
s8024,Action & Adventure
s8024,Dramas
s8024,International Movies
s8048,Comedies
s8048,International Movies
s8048,Romantic Movies
s8091,Dramas
s8091,International Movies
s8099,Comedies
s8099,International Movies
s8099,Romantic Movies
s8115,Comedies
s8115,Dramas
s8115,International Movies
s8121,Dramas
s8121,Independent Movies
s8121,International Movies
s8122,Kids' TV
s8123,Children & Family Movies
s8125,Comedies
s8125,Dramas
s8125,International Movies
s8137,Dramas
s8137,Independent Movies
s8137,International Movies
s8145,Dramas
s8145,International Movies
s8145,Music & Musicals
s8146,Dramas
s8146,International Movies
s8150,Action & Adventure
s8150,International Movies
s8150,Romantic Movies
s8157,Dramas
s8157,International Movies
s8157,Thrillers
s8162,Comedies
s8162,International Movies
s8162,Music & Musicals
s8171,Comedies
s8171,International Movies
s8171,Romantic Movies
s8172,Action & Adventure
s8172,International Movies
s8172,Music & Musicals
s8173,Kids' TV
s8173,TV Comedies
s8174,TV Shows
s8226,Children & Family Movies
s8226,Dramas
s8226,International Movies
s8236,International TV Shows
s8236,Reality TV
s8265,Dramas
s8265,International Movies
s8268,Dramas
s8268,International Movies
s8310,Action & Adventure
s8310,International Movies
s8322,Docuseries
s8322,International TV Shows
s8333,Action & Adventure
s8333,Classic Movies
s8333,Cult Movies
s8350,International TV Shows
s8350,Reality TV
s8351,Documentaries
s8351,International Movies
s8351,Music & Musicals
s8353,Comedies
s8353,Dramas
s8374,Kids' TV
s8392,Comedies
s8392,Dramas
s8392,International Movies
s8460,Dramas
s8460,International Movies
s8460,Thrillers
s8476,Documentaries
s8476,International Movies
s8505,Comedies
s8505,International Movies
s8505,Music & Musicals
s8572,Dramas
s8572,International Movies
s8572,Romantic Movies
s8579,Dramas
s8579,Independent Movies
s8579,International Movies
s8591,Dramas
s8591,International Movies
s8592,Comedies
s8592,Dramas
s8592,International Movies
s8607,Dramas
s8607,Independent Movies
s8607,International Movies
s8612,Dramas
s8612,Independent Movies
s8612,International Movies
s8629,Comedies
s8629,Dramas
s8629,Independent Movies
s8630,Action & Adventure
s8630,Dramas
s8630,International Movies
s8631,International Movies
s8631,Thrillers
s8639,Comedies
s8639,Horror Movies
s8639,Independent Movies
s8640,Dramas
s8640,Faith & Spirituality
s8640,International Movies
s8648,Dramas
s8648,International Movies
s8653,Dramas
s8653,International Movies
s8653,Thrillers
s8663,Dramas
s8663,Independent Movies
s8663,International Movies
s8666,Dramas
s8666,Independent Movies
s8666,International Movies
s8672,Action & Adventure
s8672,Dramas
s8672,International Movies
s8673,Comedies
s8673,Dramas
s8673,International Movies
s8675,Dramas
s8681,Dramas
s8681,International Movies
s8682,Dramas
s8682,International Movies
s8684,Dramas
s8684,International Movies
s8684,Thrillers
s8688,Action & Adventure
s8688,International Movies
s8688,Sci-Fi & Fantasy
s8689,Dramas
s8689,International Movies
s8696,Comedies
s8696,Dramas
s8696,International Movies
s8697,Dramas
s8703,Documentaries
s8714,Comedies
s8714,International Movies
s8728,Documentaries
s8728,International Movies
s8739,Documentaries
s8763,Dramas
s8763,International Movies
s8770,Dramas
s8770,Independent Movies
s8770,International Movies
s8771,Dramas
s8771,International Movies
s8771,Romantic Movies
s8772,Dramas
s8772,International Movies
s8772,Music & Musicals
s8773,Action & Adventure
s8773,Comedies
s8773,International Movies
s8774,Comedies
s8774,Dramas
s8774,International Movies
s8776,International TV Shows
s8776,TV Comedies
s8799,Comedies
s8799,Dramas
s8799,International Movies
s8800,Dramas
s8800,International Movies
s8807,Dramas
s8807,International Movies
s8807,Music & Musicals
